{
    "backend": "nltk",
    "accuracy": 0.9650224215246637,
    "precision": 0.9917355371900827,
    "recall": 0.759493670886076,
    "f1": 0.8602150537634409,
    "confusion_matrix": [
        [
            956,
            1
        ],
        [
            38,
            120
        ]
    ]
}