{
    "backend": "pipeline",
    "accuracy": 0.968609865470852,
    "precision": 0.9830508474576272,
    "recall": 0.7785234899328859,
    "f1": 0.8689138576779026,
    "confusion_matrix": [
        [
            964,
            2
        ],
        [
            33,
            116
        ]
    ]
}